id,category,type,name,code,datasheet_url,photo_url,specifications,filters,created_at,updated_at
03edd79d-975f-4304-9025-33fff50287f3,sensors-switches,temp-humid,TxTA03 Armored Temperature Sensor,TxTA03-V10-25-1-1-G2-1-1-1,https://neowave.tech/wp-content/uploads/2025/03/TxTA03-2.pdf,,"[{""name"":""Temperature Output"",""options"":[{""code"":""V10"",""label"":""0~10VDC(3-wire)"",""value"":""TxTA03V10""},{""code"":""A"",""label"":""4~20mA(2-wire)"",""value"":""TxTA03A""},{""code"":""RS"",""label"":""RS485/Modbus "",""value"":""TxTA03RS""},{""code"":""1"",""label"":""Pt100, ±0.2°C@0°C"",""value"":""TxTA031""},{""code"":""2"",""label"":""Pt1000, ±0.2°C@0°C "",""value"":""TxTA032""}]},{""name"":""Accuracy "",""options"":[{""code"":""25"",""label"":""0.25%FS "",""value"":""TxTA0325""},{""code"":""50"",""label"":""0.5%FS "",""value"":""TxTA0350""}]},{""name"":""Temperature  Range"",""options"":[{""code"":""1"",""label"":""0~100℃ "",""value"":""TxTA031""},{""code"":""2"",""label"":""0~200℃ (with cold end) "",""value"":""TxTA032""},{""code"":""3"",""label"":""0~300℃ (with cold end) "",""value"":""TxTA033""},{""code"":""4"",""label"":""-50~150℃ (with cold end) "",""value"":""TxTA034""},{""code"":""5"",""label"":""-50~300℃ (with cold end) "",""value"":""TxTA035""},{""code"":""9"",""label"":""customized (-50~300℃) "",""value"":""TxTA039""}]},{""name"":""Wiring Box "",""options"":[{""code"":""1"",""label"":""Wiring Box "",""value"":""TxTA031""}]},{""name"":""Installation Method "",""options"":[{""code"":""G2"",""label"":""G1/2 male (fixed thread installation"",""value"":""TxTA03G2""},{""code"":""G4"",""label"":""G1/4 male (fixed thread installation) "",""value"":""TxTA03G4""},{""code"":""M"",""label"":""M16*1.5 male (fixed thread installation) "",""value"":""TxTA03M""},{""code"":""M2"",""label"":""M20*1.5 male (fixed thread installation) "",""value"":""TxTA03M2""},{""code"":""M7"",""label"":""M27*2 male (fixed thread installation) "",""value"":""TxTA03M7""},{""code"":""C"",""label"":""Clamp (50.5MM) "",""value"":""TxTA03C""},{""code"":""D"",""label"":""Direct Insert Type "",""value"":""TxTA03D""}]},{""name"":""Protective Tube"",""options"":[{""code"":""1"",""label"":""Without"",""value"":""TxTA031""},{""code"":""2"",""label"":""With"",""value"":""TxTA032""}]},{""name"":""Probe length (without thread)"",""options"":[{""code"":""1"",""label"":""30mm (Sleeved Type )"",""value"":""TxTA031""},{""code"":""2"",""label"":""50mm (Sleeved Type )"",""value"":""TxTA032""},{""code"":""3"",""label"":""100mm (Sleeved Type )"",""value"":""TxTA033""},{""code"":""4"",""label"":""150mm (Sleeved Type )"",""value"":""TxTA034""},{""code"":""5"",""label"":""200mm (Sleeved Type )"",""value"":""TxTA035""},{""code"":""6"",""label"":""300mm (Sleeved Type )"",""value"":""TxTA036""},{""code"":""9"",""label"":""customized  (Sleeved Type )"",""value"":""TxTA039""},{""code"":""1D"",""label"":""130mm (Direct Insert Type )"",""value"":""TxTA031D""},{""code"":""2D"",""label"":""200mm (Direct Insert Type )"",""value"":""TxTA032D""},{""code"":""3D"",""label"":""250mm (Direct Insert Type )"",""value"":""TxTA033D""},{""code"":""4D"",""label"":""300mm (Direct Insert Type )"",""value"":""TxTA034D""},{""code"":""5D"",""label"":""400mm (Direct Insert Type )"",""value"":""TxTA035D""},{""code"":""9D"",""label"":""customized (Direct Insert Type )"",""value"":""TxTA039D""}]},{""name"":""Code End "",""options"":[{""code"":""1"",""label"":""Without cold end (15mm) "",""value"":""TxTA031""},{""code"":""2"",""label"":""Cold end length 100mm) "",""value"":""TxTA032""},{""code"":""9"",""label"":""Customized "",""value"":""TxTA039""}]}]","[""temp-humid-temperature-only""]",2025-08-02 07:40:35.402403+00,2025-08-02 07:40:35.402403+00
1d9184ee-bf40-4702-9a4d-625b5e99f925,sensors-switches,air-quality,TxCOI32 Room Carbon Monoxide Sensor,TxCOI32-1-AV-1-1,https://neowave.tech/wp-content/uploads/2024/11/TxCOI32-3.pdf,,"[{""name"":"" Range"",""options"":[{""code"":""1"",""label"":""100ppm "",""value"":""TxCOI321""},{""code"":""2"",""label"":""250ppm "",""value"":""TxCOI322""},{""code"":""4"",""label"":""400ppm "",""value"":""TxCOI324""}]},{""name"":"" Output"",""options"":[{""code"":""AV"",""label"":""4-20mA &0~10V"",""value"":""TxCOI32VA""},{""code"":""RS"",""label"":""RS485Modbus"",""value"":""TxCOI32RS""}]},{""name"":""Display"",""options"":[{""code"":""1"",""label"":""Without Display"",""value"":""TxCOI321""},{""code"":""2"",""label"":""With Display"",""value"":""TxCOI322""}]},{""name"":""Relay"",""options"":[{""code"":""1"",""label"":""No relay"",""value"":""TxCOI321""},{""code"":""2"",""label"":""1xSPDT"",""value"":""TxCOI322""}]}]","[""air-quality-indoor"",""air-quality-co""]",2025-08-03 12:54:25.990461+00,2025-08-03 12:54:25.990461+00
1f8d125a-b5be-45e0-a752-3427ca8f8e71,sensors-switches,temp-humid,"TxTHV94-XP Room VOC, Humidity and Temperature Sensor",TxTHV94-XP-1-1-B,,,"[{""name"":""Communication Options"",""options"":[{""code"":""1"",""label"":""Modbus RS485"",""value"":""TxTHV94-XP1""},{""code"":""2"",""label"":""BACnet MS/TP"",""value"":""TxTHV94-XP2""}]},{""name"":""Interface Options"",""options"":[{""code"":""1"",""label"":""No Interface"",""value"":""TxTHV94-XP1""},{""code"":""2"",""label"":""Colour Display"",""value"":""TxTHV94-XP2""}]},{""name"":""Colour Options"",""options"":[{""code"":""B"",""label"":""Black"",""value"":""TxTHV94-XPB""},{""code"":""W"",""label"":""White"",""value"":""TxTHV94-XPW""}]}]","[""temp-humid-temperature-&-humidity"",""temp-humid-indoor""]",2025-08-03 17:45:48.506328+00,2025-08-03 17:45:48.506328+00
392973ff-3173-4859-b72a-1ed8641e3af2,sensors-switches,air-quality,TxCDW33 Wall-mounted Carbon Dioxide Sensor,TxCDW33-2-AV5-S-T,https://neowave.tech/wp-content/uploads/2024/02/TxCDW33-1.pdf,,"[{""name"":""Range"",""options"":[{""code"":""2"",""label"":""2000ppm "",""value"":""TxCDW332""},{""code"":""5"",""label"":""5000ppm "",""value"":""TxCDW335""},{""code"":""8"",""label"":""10000ppm "",""value"":""TxCDW338""}]},{""name"":"" Output"",""options"":[{""code"":""AV5"",""label"":""4-20mA &0~5V"",""value"":""TxCDW33AV5""},{""code"":""AV10"",""label"":""4-20mA &0~10V"",""value"":""TxCDW33AV10""},{""code"":""RS"",""label"":""RS485Modbus"",""value"":""TxCDW33RS""}]},{""name"":""Cable Outlet"",""options"":[{""code"":""S"",""label"":""Side outlet "",""value"":""TxCDW33S""},{""code"":""R"",""label"":""Rear outlet "",""value"":""TxCDW33R""}]},{""name"":""Outlet Form"",""options"":[{""code"":""T"",""label"":""Terminal outlet "",""value"":""TxCDW33T""},{""code"":""D"",""label"":""Direct outlet"",""value"":""TxCDW33D""}]}]","[""air-quality-co2"",""air-quality-wall-mounted""]",2025-08-03 12:24:30.192489+00,2025-08-03 12:24:30.192489+00
47de7272-1302-4cac-9443-9f7e5c38d78e,sensors-switches,temp-humid,TxTI04 Integrated Temperature Sensor,TxTI04-V10-1-G2-1-1-1,https://neowave.tech/wp-content/uploads/2025/03/TxTI04-2.pdf,,"[{""name"":""Temperature Output"",""options"":[{""code"":""V10"",""label"":""0~10VDC(3-wire)"",""value"":""TxTI04V10""},{""code"":""A"",""label"":""4~20mA(2-wire)"",""value"":""TxTI04A""},{""code"":""1"",""label"":""Pt100, ±0.2°C@0°C"",""value"":""TxTI041""},{""code"":""2"",""label"":""Pt1000, ±0.2°C@0°C "",""value"":""TxTI042""}]},{""name"":""Temperature  Range"",""options"":[{""code"":""1"",""label"":""0~100℃ "",""value"":""TxTI041""},{""code"":""2"",""label"":""0-200°C "",""value"":""TxTI042""},{""code"":""3"",""label"":""-50-50°C "",""value"":""TxTI043""},{""code"":""4"",""label"":""-50-100°C "",""value"":""TxTI044""},{""code"":""5"",""label"":""-50-200°C "",""value"":""TxTI045""},{""code"":""9"",""label"":""customized (-50-200°C) "",""value"":""TxTI049""}]},{""name"":""Installation Method "",""options"":[{""code"":""G2"",""label"":""G1/2 male (fixed thread installation)"",""value"":""TxTI04G2""},{""code"":""G4"",""label"":""G1/4 male (fixed thread installation) "",""value"":""TxTI04G4""},{""code"":""M"",""label"":""M20-1.5 male (fixed thread installation) "",""value"":""TxTI04M""},{""code"":""C"",""label"":""clamp (50.5MM) "",""value"":""TxTI04C""},{""code"":""D"",""label"":""Direct Insert Type "",""value"":""TxTI04D""}]},{""name"":""Protective Tube"",""options"":[{""code"":""1"",""label"":""without "",""value"":""TxTI041""},{""code"":""2"",""label"":""with"",""value"":""TxTI042""}]},{""name"":""Probe Length"",""options"":[{""code"":""1"",""label"":""30mm (Integrated Type )"",""value"":""TxTI041""},{""code"":""2"",""label"":""50mm (Integrated Type )"",""value"":""TxTI042""},{""code"":""3"",""label"":""100mm (Integrated Type )"",""value"":""TxTI043""},{""code"":""4"",""label"":""150mm (Integrated Type )"",""value"":""TxTI044""},{""code"":""5"",""label"":""200mm (Integrated Type )"",""value"":""TxTI045""},{""code"":""6"",""label"":""300mm (Integrated Type )"",""value"":""TxTI046""},{""code"":""9"",""label"":""customized (Integrated Type )"",""value"":""TxTI049""},{""code"":""1D"",""label"":""130mm (Direct Insert Type) "",""value"":""TxTI041D""},{""code"":""2D"",""label"":""200mm (Direct Insert Type) "",""value"":""TxTI042D""},{""code"":""3D"",""label"":""250mm (Direct Insert Type) "",""value"":""TxTI043D""},{""code"":""4D"",""label"":""300mm (Direct Insert Type) "",""value"":""TxTI044D""},{""code"":""5D"",""label"":""400mm (Direct Insert Type) "",""value"":""TxTI045D""},{""code"":""9D"",""label"":""customized (Direct Insert Type) "",""value"":""TxTI049D""}]},{""name"":""Display"",""options"":[{""code"":""1"",""label"":""Without Display"",""value"":""TxTI041""},{""code"":""2"",""label"":""With Display"",""value"":""TxTI042""}]}]","[""temp-humid-temperature-only"",""temp-humid-water""]",2025-08-02 07:06:20.832779+00,2025-08-02 07:06:20.832779+00
4d8670a3-c936-429b-bb4e-388fe89018e3,sensors-switches,temp-humid,TxTL93 Liquid Temperature and Level 2 in 1 Sensor,TxTL93-A-M-.5-M-1,https://neowave.tech/wp-content/uploads/2024/02/TxTL93.pdf,,"[{""name"":""Output Mode"",""options"":[{""code"":""A"",""label"":""(4~20) mA"",""value"":""TxTL93A""},{""code"":""V0"",""label"":""0.5 ~ 4.5V"",""value"":""TxTL93V0""},{""code"":""RS"",""label"":""RS485"",""value"":""TxTL93RS""}]},{""name"":""Unit"",""options"":[{""code"":""M"",""label"":""Meter"",""value"":""TxTL93M""},{""code"":""CM"",""label"":""Centimeter"",""value"":""TxTL93CM""}]},{""name"":""Accuracy"",""options"":[{""code"":"".5"",""label"":""0.5% F.S."",""value"":""TxTL930.5""}]},{""name"":""Electrical Connection"",""options"":[{""code"":""M"",""label"":""M12 waterproof outlet"",""value"":""TxTL93M""}]},{""name"":""Cable Length"",""options"":[{""code"":""1"",""label"":""1m"",""value"":""TxTL931""},{""code"":""2"",""label"":""2m"",""value"":""TxTL932""},{""code"":""3"",""label"":""3m"",""value"":""TxTL933""}]}]","[""temp-humid-water"",""temp-humid-temperature-only""]",2025-08-02 08:49:52.672312+00,2025-08-02 08:49:52.672312+00
514b13cb-5f9e-4581-bf7e-1b32fe150440,sensors-switches,temp-humid,TxTHP96 Probe Type Temperature and Humidity Sensor,TxTHP96-3-V10-V10-1,https://neowave.tech/wp-content/uploads/2024/02/TxTHP96-1.pdf,,"[{""name"":""Accuracy Range"",""options"":[{""code"":""3"",""label"":""±3%RH(±0.5°C)"",""value"":""TxTHP963""}]},{""name"":""Humidity Output"",""options"":[{""code"":""V10"",""label"":""0~10VDC(3-wire)"",""value"":""TxTHP96V10""},{""code"":""A"",""label"":""4~20mA(two wires)"",""value"":""TxTHP96A""},{""code"":""RS"",""label"":""RS485/Modbus"",""value"":""TxTHP96RS""}]},{""name"":""Temperature Output"",""options"":[{""code"":""V10"",""label"":""0~10VDC(3-wire)"",""value"":""TxTHP96V10""},{""code"":""A"",""label"":""4~20mA(two wires)"",""value"":""TxTHP96A""},{""code"":""RS"",""label"":""RS485/Modbus"",""value"":""TxTHP96A""}]},{""name"":""Temperature Range"",""options"":[{""code"":""1"",""label"":""NO"",""value"":""TxTHP961""},{""code"":""2"",""label"":""0~50°C"",""value"":""TxTHP962""},{""code"":""3"",""label"":""-20~60°C"",""value"":""TxTHP963""},{""code"":""9"",""label"":""Others (customerized)"",""value"":""TxTHP969""}]}]","[""temp-humid-temperature-&-humidity""]",2025-08-01 07:57:19.313999+00,2025-08-01 07:57:19.313999+00
693dd504-e0f4-4a59-af4b-812df4bc660b,sensors-switches,temp-humid,TxTHH99 High-temperature Temperature& Humidity Sensor,TxTHH99-V10-V10,https://neowave.tech/wp-content/uploads/2025/03/TxTHH99.pdf,,"[{""name"":"" Humidity Output"",""options"":[{""code"":""V10"",""label"":""0~10VDC(3-wire)"",""value"":""TxTHH99V10""},{""code"":""A"",""label"":""4~20mA(2-wire)"",""value"":""TxTHH99A""},{""code"":""RS"",""label"":""RS485/Modbus"",""value"":""TxTHH99RS""}]},{""name"":""Temperature Output"",""options"":[{""code"":""V10"",""label"":""0~10VDC(3-wire)"",""value"":""TxTHH99V10""},{""code"":""A"",""label"":""4~20mA(2-wire)"",""value"":""TxTHH99A""},{""code"":""RS"",""label"":""RS485/Modbus"",""value"":""TxTHH99RS""}]}]","[""temp-humid-temperature-&-humidity""]",2025-08-02 08:23:12.739713+00,2025-08-02 08:23:12.739713+00
738f6b1b-9d38-475e-aa9f-8c7811f0c460,sensors-switches,air-quality,TxCOW31 Wall-mounted Carbon Monoxide Sensor,TxCOW31-1-V5,https://neowave.tech/wp-content/uploads/2024/02/TxCOW31-1.pdf,,"[{""name"":"" Range"",""options"":[{""code"":""1"",""label"":""500ppm "",""value"":""TxCOW311""},{""code"":""2"",""label"":""1000ppm "",""value"":""TxCOW312""}]},{""name"":"" Output"",""options"":[{""code"":""V5"",""label"":""0-5V "",""value"":""TxCDWV5""},{""code"":""V10"",""label"":""0-10V "",""value"":""TxCDWV10""},{""code"":""A"",""label"":""4~20mA"",""value"":""TxCDWA""},{""code"":""RS"",""label"":""RS485/Modbus"",""value"":""TxCDWRS""}]}]","[""air-quality-wall-mounted"",""air-quality-co""]",2025-08-03 12:47:17.982099+00,2025-08-03 12:47:17.982099+00
75c9dbbf-39f7-45e9-8df5-9165dfde3ddc,sensors-switches,air-quality,AQS820 Multi-in-one Air Quality Sensor,AQS820-.,https://neowave.tech/wp-content/uploads/2024/11/AQS820-1.pdf,,"[{""name"":""."",""options"":[{""code"":""."",""label"":""."",""value"":"".""}]}]","[""air-quality-all-quality-sensor-1754238848177""]",2025-08-03 16:39:47.525874+00,2025-08-03 16:39:47.525874+00
75cd5a63-2e22-48e0-9bc4-b54106a5fcc1,sensors-switches,temp-humid,TxT02 Temperature Sensor,TxT02-W-V10-1-1,https://neowave.tech/wp-content/uploads/2024/02/TxT02-2.pdf,,"[{""name"":""Model"",""options"":[{""code"":""W"",""label"":""Wall-mounted"",""value"":""TxT02W""},{""code"":""D"",""label"":""Duct type"",""value"":""TxT02D""},{""code"":""C"",""label"":""Clamp type"",""value"":""TxT02C""},{""code"":""S"",""label"":""Separated type"",""value"":""TxT02S""},{""code"":""P"",""label"":""Tube type/ water pipe type"",""value"":""TxT02P""}]},{""name"":""Temperature Output"",""options"":[{""code"":""V10"",""label"":""0~10VDC(3-wire)"",""value"":""TxT02V10""},{""code"":""A"",""label"":""4~20mA(2-wire)"",""value"":""TxT02A""},{""code"":""V5"",""label"":""0~5VDC(3 wire)"",""value"":""TxT02V5""},{""code"":""1"",""label"":""Pt100, ±0.2°C@0°C"",""value"":""TxT021""},{""code"":""2"",""label"":""Pt1000, ±0.2°C@0°C"",""value"":""TxT022""},{""code"":""3"",""label"":""NTC20K, ±0.4°C@25°C"",""value"":""TxT023""},{""code"":""4"",""label"":""Ni 1000, ±0.4°C@25°C"",""value"":""TxT024""},{""code"":""5"",""label"":""NTC10K-II,±0.4°C@25°C"",""value"":""TxT025""},{""code"":""6"",""label"":""NTC10K-III,±0.4°C@25°C"",""value"":""TxT026""},{""code"":""7"",""label"":""NTC10K-A,±0.4°C@25°C"",""value"":""TxT027""}]},{""name"":""Temperature Range"",""options"":[{""code"":""1"",""label"":""NO"",""value"":""TxT021""},{""code"":""2"",""label"":""0~50°C"",""value"":""TxT022""},{""code"":""3"",""label"":""20~60°C"",""value"":""TxT023""},{""code"":""9"",""label"":""Others (customerized)"",""value"":""TxT029""}]},{""name"":""Probe Length"",""options"":[{""code"":""1"",""label"":""65MM"",""value"":""TxT021""},{""code"":""2"",""label"":""100MM"",""value"":""TxT022""},{""code"":""3"",""label"":""150MM"",""value"":""TxT023""},{""code"":""4"",""label"":""200MM"",""value"":""TxT024""},{""code"":""9"",""label"":""Others (customerized)"",""value"":""TxT029""}]}]","[""temp-humid-duct"",""temp-humid-water"",""temp-humid-temperature-only""]",2025-08-01 05:40:59.464603+00,2025-08-01 05:40:59.464603+00
77d7739c-b943-4d73-826e-60c0990ff256,sensors-switches,air-quality,TxCDI35 Room Carbon Dioxide Sensor,TxCDI35-2-V5-1,https://neowave.tech/wp-content/uploads/2024/02/TxCDI35-1.pdf,,"[{""name"":"" Range"",""options"":[{""code"":""2"",""label"":""2000ppm "",""value"":""TxCDI352""},{""code"":""5"",""label"":""5000ppm "",""value"":""TxCDI355""}]},{""name"":"" Output"",""options"":[{""code"":""V5"",""label"":""0~5V"",""value"":""TxCDI35V5""},{""code"":""V10"",""label"":""0~10V"",""value"":""TxCDI35V10""},{""code"":""A"",""label"":""4-20mA"",""value"":""TxCDI35A""},{""code"":""RS"",""label"":""RS485Modbus"",""value"":""TxCDI35RS""}]},{""name"":""Display"",""options"":[{""code"":""1"",""label"":""Without Display"",""value"":""TxCDI351""},{""code"":""2"",""label"":""With Display"",""value"":""TxCDI352""}]}]","[""air-quality-co2"",""air-quality-indoor""]",2025-08-03 12:41:42.964882+00,2025-08-03 12:41:42.964882+00
7d522e41-564b-4fdd-b2f7-022d521901d0,sensors-switches,temp-humid,"TxTHI28 Indoor Temperature Humidity Sensor ",TxTHI28-3-V10-V10-1-1,,https://nddqd8srfmalk8mk.public.blob.vercel-storage.com/TxTHI28%20IMAGE-WRgLeklaTa0gSG3oRApVAqhq6LZruk.jpg,"[{""name"":""Accuracy Range"",""options"":[{""code"":""3"",""label"":""±3%RH(±0.5°C)"",""value"":""TxTHI283""}]},{""name"":""Humidity Output"",""options"":[{""code"":""V10"",""label"":""0~10VDC(3-wire)"",""value"":""TxTHI28V10""},{""code"":""A"",""label"":""4~20mA(2-wire)"",""value"":""TxTHI28A""},{""code"":""RS"",""label"":""RS485/Modbus"",""value"":""TxTHI28RS""},{""code"":""N"",""label"":""No output"",""value"":""TxTHI28N""}]},{""name"":""Temperature Output"",""options"":[{""code"":""V10"",""label"":""0~10VDC(3-wire)"",""value"":""TxTHI28V10""},{""code"":""A"",""label"":""4~20mA(2-wire)"",""value"":""TxTHI28A""},{""code"":""RS"",""label"":""RS485/Modbus"",""value"":""TxTHI28RS""},{""code"":""N"",""label"":""No output"",""value"":""TxTHI28N""},{""code"":""1"",""label"":""Pt100, ±0.2°C@0°C"",""value"":""TxTHI281""},{""code"":""2"",""label"":""Pt1000, ±0.2°C@0°C"",""value"":""TxTHI282""},{""code"":""3"",""label"":""NTC10K, ±0.4°C@25°C"",""value"":""TxTHI283""},{""code"":""4"",""label"":""NTC20K, ±0.4°C@25°C"",""value"":""TxTHI284""}]},{""name"":""Temperature Range"",""options"":[{""code"":""1"",""label"":""NO"",""value"":""TxTHI281""},{""code"":""2"",""label"":""0~50°C"",""value"":""TxTHI282""},{""code"":""3"",""label"":""-20~60°C"",""value"":""TxTHI283""},{""code"":""9"",""label"":""Others (customerized)"",""value"":""TxTHI289""}]},{""name"":""Display"",""options"":[{""code"":""1"",""label"":""without display"",""value"":""TxTHI281""},{""code"":""2"",""label"":""with display"",""value"":""TxTHI282""}]}]","[""temp-humid-indoor"",""temp-humid-temperature-&-humidity""]",2025-08-01 04:59:54.854198+00,2025-08-01 04:59:54.854198+00
8eb48aac-c32c-45fb-9043-785967b4b561,sensors-switches,temp-humid,"TxTH05 Temperature and Humidity Sensor – Duct & Wall ",TxTH05-W-2-V10-V10-1-1,https://neowave.tech/wp-content/uploads/2024/02/TxTH05-2.pdf,,"[{""name"":""Model"",""options"":[{""code"":""W"",""label"":""Wall-mounted"",""value"":""TxTH05W""},{""code"":""D"",""label"":""Duct"",""value"":""TxTH05D""},{""code"":""S"",""label"":""Split"",""value"":""TxTH05S""}]},{""name"":""Accuracy Range"",""options"":[{""code"":""2"",""label"":""±2%RH(0.3℃)"",""value"":""TxTH052""},{""code"":""3"",""label"":""±3%RH(0.3℃)"",""value"":""TxTH053""}]},{""name"":""Humidity Output"",""options"":[{""code"":""V10"",""label"":""0~10VDC(3-wire)"",""value"":""TxTH05V10""},{""code"":""A"",""label"":""4~20mA(2-wire)"",""value"":""TxTH05A""},{""code"":""RS"",""label"":""RS485/Modbus"",""value"":""TxTH05RS""}]},{""name"":""Temperature Output"",""options"":[{""code"":""V10"",""label"":""0~10VDC(3-wire)"",""value"":""TxTH05V10""},{""code"":""A"",""label"":""4~20mA(2-wire)"",""value"":""TxTH05A""},{""code"":""RS"",""label"":""RS485/Modbus"",""value"":""TxTH05RS""},{""code"":""1"",""label"":""Pt100, ±0.2°C@0°C"",""value"":""TxTH051""},{""code"":""2"",""label"":""Pt1000, ±0.2°C@0°C "",""value"":""TxTH052""},{""code"":""3"",""label"":""NTC20K，±0.4℃@25℃"",""value"":""TxTH053""},{""code"":""4"",""label"":""Ni 1000，±0.4℃@25℃"",""value"":""TxTH054""},{""code"":""5"",""label"":""NTC10K-II, ±0.4℃@25℃"",""value"":""TxTH055""},{""code"":""6"",""label"":""NTC10K-III, ±0.4℃@25℃"",""value"":""TxTH056""},{""code"":""7"",""label"":""NTC10K-A, ±0.4℃@25℃"",""value"":""TxTH057""}]},{""name"":""Temperature  Range"",""options"":[{""code"":""1"",""label"":""NO "",""value"":""TxTH051""},{""code"":""2"",""label"":""0~50°C"",""value"":""TxTH052""},{""code"":""3"",""label"":""-20~60°C"",""value"":""TxTH053""},{""code"":""9"",""label"":""Others ( customerized)"",""value"":""TxTH059""}]},{""name"":""Display Mode"",""options"":[{""code"":""1"",""label"":""No display"",""value"":""TxTH051""},{""code"":""2"",""label"":""LCD display"",""value"":""TxTH052""}]}]","[""temp-humid-temperature-&-humidity"",""temp-humid-duct"",""temp-humid-wall-mounted-1754035693612""]",2025-08-01 08:22:25.761437+00,2025-08-01 08:22:25.761437+00
91e3c011-048b-4252-bb88-7793185c52d6,sensors-switches,temp-humid,TxTHM98 Magnetic Temperature & Humidity Sensor,TxTHM98-1,https://neowave.tech/wp-content/uploads/2025/03/TxTHM98.pdf,,"[{""name"":""Display"",""options"":[{""code"":""1"",""label"":""Without Dispaly"",""value"":""TxTHM981""},{""code"":""2"",""label"":""With Dispaly"",""value"":""TxTHM982""}]}]","[""temp-humid-indoor"",""temp-humid-temperature-&-humidity""]",2025-08-02 06:30:20.881957+00,2025-08-02 06:30:20.881957+00
96e32964-2d82-4765-b1ca-2168f40a8a41,sensors-switches,air-quality,AQS117 Smart Air Quality Controller,AQS117-.,https://neowave.tech/wp-content/uploads/2025/05/AQS117.pdf,,"[{""name"":""."",""options"":[{""code"":""."",""label"":""."",""value"":"".""},{""code"":""."",""label"":""."",""value"":"".""}]}]","[""air-quality-all-quality-sensor-1754238848177"",""air-quality-wall-mounted""]",2025-08-03 16:37:35.867007+00,2025-08-03 16:37:35.867007+00
a5e53b14-00ad-45fc-af47-3755d949d689,sensors-switches,temp-humid,TxT93-XP Room Temperature Sensor,TxT93-XP-1-1-B,,,"[{""name"":""Communication Options"",""options"":[{""code"":""1"",""label"":""Modbus RS485"",""value"":""TxT93-XP1""},{""code"":""2"",""label"":""BACnet MS/TP"",""value"":""TxT93-XP2""}]},{""name"":""Interface Options"",""options"":[{""code"":""1"",""label"":""No Interface"",""value"":""TxT93-XP1""},{""code"":""2"",""label"":""LCD Colour Display"",""value"":""TxT93-XP2""}]},{""name"":""Colour Options"",""options"":[{""code"":""B"",""label"":""Black"",""value"":""TxT93-XPB""},{""code"":""W"",""label"":""White"",""value"":""TxT93-XPW""}]}]","[""temp-humid-indoor"",""temp-humid-temperature-only""]",2025-08-03 17:48:58.03626+00,2025-08-03 17:48:58.03626+00
af67b9eb-f2ce-4815-bd99-806482af20eb,sensors-switches,temp-humid,TxTH29 Temperature & Humidity Sensor,TxTH29-W-3-V10-V10-1-1,https://neowave.tech/wp-content/uploads/2024/09/TxTHE29.pdf,,"[{""name"":""Model"",""options"":[{""code"":""W"",""label"":""Wall-mounted"",""value"":""TxTH29W""},{""code"":""D"",""label"":""Duct"",""value"":""TxTH29D""},{""code"":""S"",""label"":""Split"",""value"":""TxTH29S""}]},{""name"":""Accuracy Range"",""options"":[{""code"":""3"",""label"":""±3%RH(±0.5°C)"",""value"":""TxTH293""}]},{""name"":""Humidity Output"",""options"":[{""code"":""V10"",""label"":""0~10VDC(3-wire"",""value"":""TxTH29V10""},{""code"":""A"",""label"":""4~20mA(2-wire)"",""value"":""TxTH29A""},{""code"":""RS"",""label"":""RS485/Modbus"",""value"":""TxTH29RS""}]},{""name"":""Temperature Output"",""options"":[{""code"":""V10"",""label"":""0~10VDC(3-wire"",""value"":""TxTH29V10""},{""code"":""A"",""label"":""4~20mA(2-wire)"",""value"":""TxTH29A""},{""code"":""RS"",""label"":""RS485/Modbus"",""value"":""TxTH29RS""},{""code"":""1"",""label"":""Pt100, ±0.2°C@0°C"",""value"":""TxTH291""},{""code"":""2"",""label"":""Pt1000, ±0.2°C@0°C "",""value"":""TxTH292""},{""code"":""3"",""label"":""NTC10K，±0.4℃@25℃"",""value"":""TxTH293""},{""code"":""4"",""label"":""NTC20K，±0.4℃@25℃"",""value"":""TxTH294""}]},{""name"":""Temperature Range"",""options"":[{""code"":""1"",""label"":""NO "",""value"":""TxTH291""},{""code"":""2"",""label"":""0~50°C"",""value"":""TxTH292""},{""code"":""3"",""label"":""-20~60°C"",""value"":""TxTH293""},{""code"":""9"",""label"":""Others (customerized)"",""value"":""TxTH299""}]},{""name"":""Display"",""options"":[{""code"":""1"",""label"":""No display"",""value"":""TxTH291""},{""code"":""2"",""label"":""LCD display"",""value"":""TxTH292""}]}]","[""temp-humid-duct"",""temp-humid-wall-mounted-1754035693612"",""temp-humid-temperature-&-humidity"",""temp-humid-outdoor""]",2025-08-02 05:30:43.328942+00,2025-08-02 05:30:43.328942+00
c15fb81b-7a39-4f5d-97be-78134c6f0137,sensors-switches,temp-humid,TxTH91-XP Room Humidity and Temperature Sensor,TxTH91-XP-1-1-B,,,"[{""name"":""Communication Options"",""options"":[{""code"":""1"",""label"":""MOD Modbus RS485 "",""value"":""TxTH91-XP1""},{""code"":""2"",""label"":""BAC BACnet MS/TP "",""value"":""TxTH91-XP2""}]},{""name"":""Interface Options"",""options"":[{""code"":""1"",""label"":""No Interface "",""value"":""TxTH91-XP1""},{""code"":""2"",""label"":""Color Display"",""value"":""TxTH91-XP2""}]},{""name"":""Color Option"",""options"":[{""code"":""B"",""label"":""Black"",""value"":""TxTH91-XP1""},{""code"":""W"",""label"":""White"",""value"":""TxTH91-XP2""}]}]","[""temp-humid-temperature-&-humidity"",""temp-humid-indoor""]",2025-08-03 17:34:07.026044+00,2025-08-03 17:34:07.026044+00
c21bb045-1599-4866-9deb-63c6146c2d51,sensors-switches,temp-humid,CTH27 Indoor Temperature Humidity Controller,CTH27-3-V10-V10-1-2-1,https://neowave.tech/wp-content/uploads/2025/02/CTH27-1.pdf,,"[{""name"":""Accuracy Range"",""options"":[{""code"":""3"",""label"":""±3%RH(±0.5°C)"",""value"":""CTH273""}]},{""name"":""Humidity Output"",""options"":[{""code"":""V10"",""label"":""0~10VDC(3-wire)"",""value"":""CTH27V10""},{""code"":""RS"",""label"":""RS485/Modbus"",""value"":""CTH27RS""}]},{""name"":""Temperature Output"",""options"":[{""code"":""V10"",""label"":""0~10VDC(3-wire)"",""value"":""CTH27V10""},{""code"":""RS"",""label"":""RS485/Modbus"",""value"":""CTH27RS""},{""code"":""1"",""label"":""Pt100, ±0.2°C@0°C"",""value"":""CTH271""},{""code"":""2"",""label"":""Pt1000, ±0.2°C@0°C "",""value"":""CTH272""},{""code"":""3"",""label"":""NTC10K, ±0.4°C@25°C"",""value"":""CTH273""},{""code"":""4"",""label"":""NTC20K, ±0.4°C@25°C"",""value"":""CTH274""}]},{""name"":""Temperature  Range"",""options"":[{""code"":""1"",""label"":""NO "",""value"":""CTH271""},{""code"":""2"",""label"":""0~50°C"",""value"":""CTH272""},{""code"":""3"",""label"":""-20~60°C"",""value"":""CTH273""},{""code"":""9"",""label"":""Others ( customerized)"",""value"":""CTH279""}]},{""name"":""Display"",""options"":[{""code"":""2"",""label"":""Setting button, backlight LCD display with unit"",""value"":""CTH272""}]},{""name"":""Alarm and relay"",""options"":[{""code"":""1"",""label"":""Alarm only"",""value"":""CTH271""},{""code"":""2"",""label"":""Relay only"",""value"":""CTH272""},{""code"":""3"",""label"":""Alarm and relay"",""value"":""CTH273""}]}]","[""temp-humid-temperature-&-humidity"",""temp-humid-indoor""]",2025-08-02 06:04:22.465342+00,2025-08-02 06:04:22.465342+00
cabe7a09-9354-4524-a7f6-c45480782d19,sensors-switches,air-quality,TxDI36 Room Dust PM2.5&PM10 Sensor/Controller,TxDI36-AV2-1-1,,,"[{""name"":""Type"",""options"":[{""code"":""AV2"",""label"":""4~20mA&0~~10V@PM2.5 "",""value"":""TxDI36AV2""},{""code"":""AV10"",""label"":""4~20mA&0~10V@PM10 "",""value"":""TxDI36AV10""},{""code"":""RS"",""label"":""RS485Modbus"",""value"":""TxDI36RS""}]},{""name"":""Display Button "",""options"":[{""code"":""1"",""label"":""Without display button "",""value"":""TxDI361""},{""code"":""2"",""label"":""With display button "",""value"":""TxDI362""}]},{""name"":""Relay & buzzer (optional when equipped with display button"",""options"":[{""code"":""1"",""label"":""No"",""value"":""TxDI361""},{""code"":""2"",""label"":""1xSPDT "",""value"":""TxDI362""},{""code"":""3"",""label"":""1xSPDT+1xbuzzer "",""value"":""TxDI363""}]}]","[""air-quality-indoor"",""air-quality-dust-1754225814812""]",2025-08-03 15:59:50.216465+00,2025-08-03 15:59:50.216465+00
d5fb3ef7-e56e-4976-8c24-3aed6586b00f,sensors-switches,air-quality,TxCDD34 Duct Carbon Dioxide Sensor,TxCDD34-2-V5,https://neowave.tech/wp-content/uploads/2024/02/TxCDD34-1.pdf,,"[{""name"":"" Range"",""options"":[{""code"":""2"",""label"":""2000ppm "",""value"":""TxCDD342""},{""code"":""5"",""label"":""5000ppm "",""value"":""TxCDD345""}]},{""name"":"" Output"",""options"":[{""code"":""V5"",""label"":""0~5V"",""value"":""TxCDD34V5""},{""code"":""V10"",""label"":"" 0~10V"",""value"":""TxCDD34V10""},{""code"":""A"",""label"":""4-20mA"",""value"":""TxCDD34A""},{""code"":""RS"",""label"":""RS485Modbus"",""value"":""TxCDD34RS""}]}]","[""air-quality-co2"",""air-quality-duct-mounted""]",2025-08-03 12:31:53.199947+00,2025-08-03 12:31:53.199947+00
e69309f0-42d5-4354-96b0-6d684999c9fc,sensors-switches,air-quality,TxTCD92-XP Room CO2 and Temperature Sensor,TxTCD92-XP-1-1-B,,,"[{""name"":""Communication Options"",""options"":[{""code"":""1"",""label"":""Modbus RS485"",""value"":""TxTCD92-XP1""},{""code"":""2"",""label"":""BACnet MS/TP"",""value"":""TxTCD92-XP2""}]},{""name"":""Interface Options"",""options"":[{""code"":""1"",""label"":""No Interface"",""value"":""TxTCD92-XP1""},{""code"":""2"",""label"":""Colour Display"",""value"":""TxTCD92-XP2""}]},{""name"":""Colour Options"",""options"":[{""code"":""B"",""label"":""Black"",""value"":""TxTCD92-XPB""},{""code"":""W"",""label"":""White"",""value"":""TxTCD92-XPW""}]}]","[""air-quality-co2"",""air-quality-indoor""]",2025-08-03 17:31:32.844296+00,2025-08-03 17:31:32.844296+00
e75b3e8f-de70-4fa0-b152-fa78bdb20f28,sensors-switches,temp-humid,TxTHO23 Outdoor Temperature And Humidity Sensor,TxTHO23-3-V10-V10-1,https://neowave.tech/wp-content/uploads/2024/09/TxTHO23.pdf,,"[{""name"":""Accuracy Range"",""options"":[{""code"":""3"",""label"":""±3%RH(±0.5°C)"",""value"":""TxTHO233""}]},{""name"":""Humidity Output"",""options"":[{""code"":""V10"",""label"":""0~10VDC(3-wire)"",""value"":""TxTHO23V10""},{""code"":""A"",""label"":""4~20mA(2-wire)"",""value"":""TxTHO23A""},{""code"":""RS"",""label"":""RS485/Modbus"",""value"":""TxTHO23RS""}]},{""name"":""Temperature Output"",""options"":[{""code"":""V10"",""label"":""0~10VDC(3-wire)"",""value"":""TxTHO23V10""},{""code"":""A"",""label"":""4~20mA(2-wire)"",""value"":""TxTHO23A""},{""code"":""RS"",""label"":""RS485/Modbus"",""value"":""TxTHO23RS""},{""code"":""1"",""label"":""Pt100, ±0.2°C@0°C"",""value"":""TxTHO231""},{""code"":""2"",""label"":""Pt1000, ±0.2°C@0°C "",""value"":""TxTHO232""},{""code"":""3"",""label"":""NTC10K, ±0.4°C@25°C"",""value"":""TxTHO233""},{""code"":""4"",""label"":""NTC20K, ±0.4°C@25°C"",""value"":""TxTHO234""}]},{""name"":""Temperature  Range"",""options"":[{""code"":""1"",""label"":""NO "",""value"":""TxTHO231""},{""code"":""2"",""label"":""0~50°C"",""value"":""TxTHO232""},{""code"":""3"",""label"":""-20~60°C"",""value"":""TxTHO233""},{""code"":""9"",""label"":""Others ( customerized)"",""value"":""TxTHO239""}]}]","[""temp-humid-outdoor"",""temp-humid-temperature-&-humidity""]",2025-08-02 05:43:39.969768+00,2025-08-02 05:43:39.969768+00
ea4de303-8925-458b-b4a9-cc5809be099d,sensors-switches,temp-humid,TxTHAC95 High Accuracy Temperature & Humidity Sensor,TxTHAC95-W-2-V10-V10-1-1,https://neowave.tech/wp-content/uploads/2025/03/TxTHAC95.pdf,,"[{""name"":""Model"",""options"":[{""code"":""W"",""label"":""Wall-mounted"",""value"":""TxTHAC95W""},{""code"":""D"",""label"":""Duct"",""value"":""TxTHAC95D""},{""code"":""S"",""label"":""Split"",""value"":""TxTHAC95S""}]},{""name"":""Accuracy Range"",""options"":[{""code"":""2"",""label"":""±2%RH(0.3℃)"",""value"":""TxTHAC952""}]},{""name"":""Humidity Output"",""options"":[{""code"":""V10"",""label"":""0~10VDC(3-wire)"",""value"":""TxTHAC95V10""},{""code"":""A"",""label"":""4~20mA(2-wire)"",""value"":""TxTHAC95A""},{""code"":""RS"",""label"":""RS485/Modbus"",""value"":""TxTHAC95RS""}]},{""name"":""Temperature Output"",""options"":[{""code"":""V10"",""label"":""0~10VDC(3-wire)"",""value"":""TxTHAC95V10""},{""code"":""A"",""label"":""4~20mA(2-wire)"",""value"":""TxTHAC95A""},{""code"":""RS"",""label"":""RS485/Modbus"",""value"":""TxTHAC95RS""},{""code"":""1"",""label"":""Pt100, ±0.2°C@0°C"",""value"":""TxTHAC951""},{""code"":""2"",""label"":""Pt1000, ±0.2°C@0°C "",""value"":""TxTHAC952""},{""code"":""3"",""label"":""NTC10K，±0.4℃@25℃"",""value"":""TxTHAC953""},{""code"":""4"",""label"":""NTC20K，±0.4℃@25℃"",""value"":""TxTHAC954""}]},{""name"":""Temperature  Range"",""options"":[{""code"":""1"",""label"":""NO "",""value"":""TxTHAC951""},{""code"":""2"",""label"":""0~50°C"",""value"":""TxTHAC952""},{""code"":""3"",""label"":""-20~60°C"",""value"":""TxTHAC953""},{""code"":""9"",""label"":""Others ( customerized)"",""value"":""TxTHAC959""}]},{""name"":""Display Mode"",""options"":[{""code"":""1"",""label"":""Without Display"",""value"":""TxTHAC951""},{""code"":""2"",""label"":""With Display"",""value"":""TxTHAC952""}]}]","[""temp-humid-temperature-&-humidity""]",2025-08-02 08:12:48.11995+00,2025-08-02 08:12:48.11995+00
f6a480cf-eaa8-45bf-891b-c3f4f8bd38b2,sensors-switches,air-quality,TxCDT380 Carbon Dioxide (CO2)/Temperature Sensor,TxCDT380-W-VA-VA-1,https://neowave.tech/wp-content/uploads/2024/03/TxCDT380WD-1.pdf,,"[{""name"":""Model"",""options"":[{""code"":""W"",""label"":""Wall -Room CO2 / Temp. Sensor"",""value"":""TxCDT380W""},{""code"":""D"",""label"":""Duct mount CO2 /Temp. Sensor"",""value"":""TxCDT380D""}]},{""name"":""CO2 Output"",""options"":[{""code"":""VA"",""label"":""4~20mA/0~10VDC"",""value"":""TxCDT380VA""},{""code"":""RS"",""label"":""RS485/Modbus"",""value"":""TxCDT380RS""}]},{""name"":""Temp. Output"",""options"":[{""code"":""VA"",""label"":""4~20mA / 0~10VDC"",""value"":""TxCDT380VA""},{""code"":""RS"",""label"":""RS485/Modbus"",""value"":""TxCDT380RS""},{""code"":""1"",""label"":""PT1000, ±0.2°C @25°C"",""value"":""TxCDT3801""},{""code"":""2"",""label"":""PT100, ±0.2°C @25°C"",""value"":""TxCDT3802""},{""code"":""3"",""label"":""NTC20K, ±0.2°C @25°C"",""value"":""TxCDT3803""},{""code"":""4"",""label"":""Ni1000, ±0.5°C @25°C"",""value"":""TxCDT3804""},{""code"":""5"",""label"":""NTC10K-II, ±0.2°C @25°C"",""value"":""TxCDT3805""},{""code"":""6"",""label"":""NTC10K-III, ±0.3°C @25°C"",""value"":""TxCDT3806""},{""code"":""7"",""label"":""NTC10K-A, ±0.3°C @25°C"",""value"":""TxCDT3807""}]},{""name"":""Display (TxCDT380W)"",""options"":[{""code"":""1"",""label"":""N/A"",""value"":""TxCDT3801""},{""code"":""2"",""label"":""LCD"",""value"":""TxCDT3802""}]}]","[""air-quality-co2"",""air-quality-wall-mounted"",""air-quality-duct-mounted""]",2025-08-03 16:13:04.099621+00,2025-08-03 16:13:04.099621+00